id;section_name;section_number;create_date;last_modified;cancel_date
1;payment Enhanced Lithuania;cutting-edge Alabama Fish;2021-05-04;2021-05-03;2021-05-03
2;connect;Inlet indexing;2021-05-04;2021-05-03;2021-05-03
3;calculate input;circuit Refined Illinois;2021-05-04;2021-05-04;2021-05-04
4;architect;Director;2021-05-03;2021-05-04;2021-05-03
5;Somalia benchmark Exclusive;whiteboard Track;2021-05-04;2021-05-03;2021-05-03
6;Fantastic;to port Denar;2021-05-04;2021-05-03;2021-05-03
7;Ruble vortals plug-and-play;multi-byte Concrete;2021-05-04;2021-05-04;2021-05-04
8;cross-platform Tonga harness;Mobility Dinar;2021-05-04;2021-05-04;2021-05-04
9;Branch;Awesome transmitter;2021-05-04;2021-05-04;2021-05-03
10;Practical Orchestrator;Producer Ouguiya quantifying;2021-05-03;2021-05-03;2021-05-04
