id;work_status;remarks;create_date;last_modified;cancel_date
1;InProgress;turquoise Sports;2021-05-04;2021-05-03;2021-05-04
2;NotStarted;Loan;2021-05-03;2021-05-04;2021-05-04
3;NotStarted;invoice generate solutions;2021-05-04;2021-05-04;2021-05-03
4;NotStarted;Brunei;2021-05-04;2021-05-04;2021-05-03
5;OnTrack;Intelligent methodical connect;2021-05-04;2021-05-04;2021-05-04
6;NotStarted;well-modulated Brooks Loan;2021-05-04;2021-05-04;2021-05-03
7;OnTrack;Flat Home and;2021-05-04;2021-05-03;2021-05-03
8;InProgress;invoice Connecticut driver;2021-05-04;2021-05-04;2021-05-04
9;InProgress;bus;2021-05-04;2021-05-04;2021-05-03
10;NotStarted;synthesize gold copying;2021-05-04;2021-05-03;2021-05-04
