id;tenat_logo;tenat_logo_content_type;question_paper_file;question_paper_file_content_type;question_paper_name;main_title;sub_title;left_sub_heading_1;left_sub_heading_2;right_sub_heading_1;right_sub_heading_2;instructions;footer_text;total_marks;create_date;last_modified;cancel_date
1;../fake-data/blob/hipster.png;image/png;../fake-data/blob/hipster.png;image/png;View;tan;Persistent Belarus Street;Sleek deposit;GB;indexing;Credit Future redefine;Bahamian RAM;asynchronous Team-oriented;88400;2022-04-25;2022-04-26;2022-04-25
2;../fake-data/blob/hipster.png;image/png;../fake-data/blob/hipster.png;image/png;Danish systems;Plastic;Georgia Djibouti;redundant;American Metal;sky port;national Ball firewall;Checking;Greens neural Palladium;4566;2022-04-25;2022-04-26;2022-04-26
3;../fake-data/blob/hipster.png;image/png;../fake-data/blob/hipster.png;image/png;circuit;Integrated;Road Intelligent;synthesizing national;face;Squares;e-business program Unbranded;Frozen;engage navigate;57081;2022-04-25;2022-04-26;2022-04-26
4;../fake-data/blob/hipster.png;image/png;../fake-data/blob/hipster.png;image/png;Highway Generic Team-oriented;cyan cross-platform indexing;User-centric Quality transmitting;matrix invoice pixel;Principal initiative District;channels teal optimal;Dynamic;mesh;GB;31445;2022-04-26;2022-04-26;2022-04-25
5;../fake-data/blob/hipster.png;image/png;../fake-data/blob/hipster.png;image/png;24/7;Rhode Pre-emptive;Games;digital;Plastic transform magenta;help-desk incentivize Legacy;Idaho JBOD;Computers;Towels;17011;2022-04-25;2022-04-26;2022-04-25
6;../fake-data/blob/hipster.png;image/png;../fake-data/blob/hipster.png;image/png;Saint;engine;deposit purple;Proactive Cotton;Digitized;array Upgradable holistic;systems;Lead Licensed;auxiliary Beauty;9793;2022-04-25;2022-04-26;2022-04-25
7;../fake-data/blob/hipster.png;image/png;../fake-data/blob/hipster.png;image/png;reboot services;Practical transmitting;Sports Generic;1080p navigating;Intranet quantifying;Cambodia;Accounts;Granite Electronics Industrial;Chair calculating;67569;2022-04-25;2022-04-25;2022-04-26
8;../fake-data/blob/hipster.png;image/png;../fake-data/blob/hipster.png;image/png;Chips Chips compelling;Account users;Fresh Peso;Lights Buckinghamshire North;Beauty Lucia niches;Computers navigating;Tennessee aggregate;Creative Fully-configurable;USB Account;82742;2022-04-26;2022-04-26;2022-04-26
9;../fake-data/blob/hipster.png;image/png;../fake-data/blob/hipster.png;image/png;Soft Franc approach;turn-key Corners full-range;Texas Republic;Polarised redundant;Movies;override;Brand gold;seize Lira;Operative Drive Hat;54853;2022-04-26;2022-04-25;2022-04-25
10;../fake-data/blob/hipster.png;image/png;../fake-data/blob/hipster.png;image/png;Hat concept object-oriented;Supervisor transparent;ROI invoice;Outdoors;compress;Unbranded Sausages reboot;Shoes Borders;Division Toys;algorithm Credit Borders;9549;2022-04-25;2022-04-25;2022-04-26
